"sex","age","weight","lenhei","measure","oedema","headc","clenhei","cmeasure","c9mo_flag","cbmi","csex","zlen","flen","zwei","fwei","zwfl","fwfl","zbmi","fbmi","zhc","fhc","zac","fac","zts","fts","zss","fss"
1,0,3.5,50,"l","n",40,50,"l",0,14,1,0.06,0,0.31,0,0.56,0,0.45,0,4.36,0,,,,,,
2,100,6,60,"h","n",40,60,,1,16.6666666666667,2,-0.23,0,-0.03,0,0.23,0,0.13,0,0.12,0,,,,,,
1,273,8,70,"h","n",40,70,,1,16.3265306122449,1,-0.86,0,-0.97,0,-0.63,0,-0.63,0,-3.97,0,,,,,,
2,274,8,70,"h","n",40,70.7,"h",0,16.0048334597048,2,0.23,0,-0.23,0,-0.42,0,-0.51,0,-2.86,0,,,,,,
1,730,12,90,"h","n",40,90.7,"h",0,14.5870231410966,1,0.95,0,-0.11,0,-0.9,0,-1,0,-6.06,1,,,,,,
2,731,12,90,"l","n",40,89.3,"l",0,15.0479842598085,2,1.11,0,0.35,0,-0.44,0,-0.5,0,-5.15,1,,,,,,
1,100,0,60,"l","n",40,60,"l",0,0,1,-1.06,0,,,-15.37,1,,,-0.72,0,,,,,,
2,100,,60,"l","n",40,60,"l",0,,2,-0.23,0,,,,,,,0.12,0,,,,,,
1,100,6,60,"l","y",40,60,"l",0,16.6666666666667,1,-1.06,0,,,,,,,-0.72,0,,,,,,
2,100,6,60,,"n",40,60,,0,16.6666666666667,2,-0.23,0,-0.03,0,0.23,0,0.13,0,0.12,0,,,,,,
