"indicator","sex","index","L","M","S","x","zReference","flag","centile"
"WAZ",1,0,0.3487,3.3464,0.14602,0.945559393038829,-5.99,0,1.04920518783315e-07
"WAZ",1,0,0.3487,3.3464,0.14602,1.90602816155311,-3.46,0,0.0270087693963475
"WAZ",1,0,0.3487,3.3464,0.14602,3.3464,0,0,50
"WAZ",1,0,0.3487,3.3464,0.14602,5.35587039066284,3.53,0,99.9792220166519
"WAZ",1,0,0.3487,3.3464,0.14602,8.02153325681406,7.89,1,99.9999999999998
"WAZ",1,1,0.3127,3.3174,0.14693,0.959105884288649,-5.96,0,1.26118966710109e-07
"WAZ",1,1,0.3127,3.3174,0.14693,1.89369794821389,-3.46,0,0.0270087693963475
"WAZ",1,1,0.3127,3.3174,0.14693,3.3174,0,0,50
"WAZ",1,1,0.3127,3.3174,0.14693,5.34438823980721,3.53,0,99.9792220166519
"WAZ",1,1,0.3127,3.3174,0.14693,8.09255996493839,7.97,1,99.9999999999999
"WAZ",1,100,0.1682,6.5699,0.11588,2.74667386364985,-6.1,1,5.30342326294884e-08
"WAZ",1,100,0.1682,6.5699,0.11588,4.31639843420739,-3.46,0,0.0270087693963475
"WAZ",1,100,0.1682,6.5699,0.11588,6.5699,0,0,50
"WAZ",1,100,0.1682,6.5699,0.11588,9.72639381156167,3.54,0,99.9799936483993
"WAZ",1,100,0.1682,6.5699,0.11588,14.0537767577732,8.03,1,100
"WAZ",1,273,0.092,8.8929,0.10881,4.03731800057627,-6.11,1,4.98155700423125e-08
"WAZ",1,273,0.092,8.8929,0.10881,6.03506444896213,-3.46,0,0.0270087693963475
"WAZ",1,273,0.092,8.8929,0.10881,8.8929,0,0,50
"WAZ",1,273,0.092,8.8929,0.10881,12.9302358536068,3.54,0,99.9799936483993
"WAZ",1,273,0.092,8.8929,0.10881,18.5676597043933,8.1,1,100
"WAZ",1,730,-0.0136,12.1482,0.11425,5.48352975349917,-6.02,1,8.72085353992974e-08
"WAZ",1,730,-0.0136,12.1482,0.11425,8.15302810329873,-3.46,0,0.0270087693963475
"WAZ",1,730,-0.0136,12.1482,0.11425,12.1482,0,0,50
"WAZ",1,730,-0.0136,12.1482,0.11425,18.1405051034869,3.55,0,99.9807384424364
"WAZ",1,730,-0.0136,12.1482,0.11425,27.1482364245195,8.4,1,100
"WAZ",1,731,-0.0137,12.1548,0.11427,5.48592208358946,-6.02,1,8.72085353992974e-08
"WAZ",1,731,-0.0137,12.1548,0.11427,8.15695441697479,-3.46,0,0.0270087693963475
"WAZ",1,731,-0.0137,12.1548,0.11427,12.1548,0,0,50
"WAZ",1,731,-0.0137,12.1548,0.11427,18.1517844202088,3.55,0,99.9807384424364
"WAZ",1,731,-0.0137,12.1548,0.11427,27.1677126335695,8.4,1,100
"WAZ",2,0,0.3809,3.2322,0.14171,0.929852978762306,-6.05,1,7.24229170513764e-08
"WAZ",2,0,0.3809,3.2322,0.14171,1.86533408811045,-3.46,0,0.0270087693963475
"WAZ",2,0,0.3809,3.2322,0.14171,3.2322,0,0,50
"WAZ",2,0,0.3809,3.2322,0.14171,5.09098332500865,3.53,0,99.9792220166519
"WAZ",2,0,0.3809,3.2322,0.14171,7.4980171786615,7.81,1,99.9999999999997
"WAZ",2,1,0.3259,3.1957,0.14578,0.924213148092204,-5.98,0,1.11568810141717e-07
"WAZ",2,1,0.3259,3.1957,0.14578,1.82900997947474,-3.46,0,0.0270087693963475
"WAZ",2,1,0.3259,3.1957,0.14578,3.1957,0,0,50
"WAZ",2,1,0.3259,3.1957,0.14578,5.1233031235097,3.53,0,99.9792220166519
"WAZ",2,1,0.3259,3.1957,0.14578,7.71198257124929,7.94,1,99.9999999999999
"WAZ",2,100,0.0264,6.0229,0.12545,2.47707793772427,-5.96,0,1.26118966710109e-07
"WAZ",2,100,0.0264,6.0229,0.12545,3.87261212264128,-3.46,0,0.0270087693963475
"WAZ",2,100,0.0264,6.0229,0.12545,6.0229,0,0,50
"WAZ",2,100,0.0264,6.0229,0.12545,9.3195894790085,3.55,0,99.9807384424364
"WAZ",2,100,0.0264,6.0229,0.12545,14.3492024525326,8.46,1,100
"WAZ",2,273,-0.1501,8.2172,0.12198,3.67965608899511,-5.91,0,1.710538655567e-07
"WAZ",2,273,-0.1501,8.2172,0.12198,5.43261794572855,-3.45,0,0.0280293276816177
"WAZ",2,273,-0.1501,8.2172,0.12198,8.2172,0,0,50
"WAZ",2,273,-0.1501,8.2172,0.12198,12.7745234515759,3.56,0,99.9814572603067
"WAZ",2,273,-0.1501,8.2172,0.12198,20.4909421498147,8.93,1,100
"WAZ",2,730,-0.294,11.4741,0.12389,5.29951616255539,-5.85,0,2.45786506180803e-07
"WAZ",2,730,-0.294,11.4741,0.12389,7.62911169767981,-3.45,0,0.0280293276816177
"WAZ",2,730,-0.294,11.4741,0.12389,11.4741,0,0,50
"WAZ",2,730,-0.294,11.4741,0.12389,18.2459986039278,3.57,0,99.9821509386095
"WAZ",2,730,-0.294,11.4741,0.12389,31.2243260219552,9.56,1,100
"WAZ",2,731,-0.2942,11.4809,0.1239,5.30265487179142,-5.85,0,2.45786506180803e-07
"WAZ",2,731,-0.2942,11.4809,0.1239,7.63351826478622,-3.45,0,0.0280293276816177
"WAZ",2,731,-0.2942,11.4809,0.1239,11.4809,0,0,50
"WAZ",2,731,-0.2942,11.4809,0.1239,18.257955681871,3.57,0,99.9821509386095
"WAZ",2,731,-0.2942,11.4809,0.1239,31.2492305051063,9.56,1,100
"LAZ",1,0,1,49.8842,0.03795,36.63246227,-7,1,1.27981254388584e-10
"LAZ",1,0,1,49.8842,0.03795,43.258331135,-3.5,0,0.0232629079035525
"LAZ",1,0,1,49.8842,0.03795,49.8842,0,0,50
"LAZ",1,0,1,49.8842,0.03795,56.510068865,3.5,0,99.9767370920964
"LAZ",1,0,1,49.8842,0.03795,63.13593773,7,1,99.999999999872
"LAZ",1,1,1,50.0601,0.03785,36.796676505,-7,1,1.27981254388584e-10
"LAZ",1,1,1,50.0601,0.03785,43.4283882525,-3.5,0,0.0232629079035525
"LAZ",1,1,1,50.0601,0.03785,50.0601,0,0,50
"LAZ",1,1,1,50.0601,0.03785,56.6918117475,3.5,0,99.9767370920964
"LAZ",1,1,1,50.0601,0.03785,63.323523495,7,1,99.999999999872
"LAZ",1,100,1,62.1826,0.03306,47.792302708,-7,1,1.27981254388584e-10
"LAZ",1,100,1,62.1826,0.03306,54.987451354,-3.5,0,0.0232629079035525
"LAZ",1,100,1,62.1826,0.03306,62.1826,0,0,50
"LAZ",1,100,1,62.1826,0.03306,69.377748646,3.5,0,99.9767370920964
"LAZ",1,100,1,62.1826,0.03306,76.572897292,7,1,99.999999999872
"LAZ",1,273,1,71.9273,0.03117,56.233482413,-7,1,1.27981254388584e-10
"LAZ",1,273,1,71.9273,0.03117,64.0803912065,-3.5,0,0.0232629079035525
"LAZ",1,273,1,71.9273,0.03117,71.9273,0,0,50
"LAZ",1,273,1,71.9273,0.03117,79.7742087935,3.5,0,99.9767370920964
"LAZ",1,273,1,71.9273,0.03117,87.621117587,7,1,99.999999999872
"LAZ",1,730,1,87.8018,0.03479,66.419427646,-7,1,1.27981254388584e-10
"LAZ",1,730,1,87.8018,0.03479,77.110613823,-3.5,0,0.0232629079035525
"LAZ",1,730,1,87.8018,0.03479,87.8018,0,0,50
"LAZ",1,730,1,87.8018,0.03479,98.492986177,3.5,0,99.9767370920964
"LAZ",1,730,1,87.8018,0.03479,109.184172354,7,1,99.999999999872
"LAZ",1,731,1,87.1303,0.03508,65.734583532,-7,1,1.27981254388584e-10
"LAZ",1,731,1,87.1303,0.03508,76.432441766,-3.5,0,0.0232629079035525
"LAZ",1,731,1,87.1303,0.03508,87.1303,0,0,50
"LAZ",1,731,1,87.1303,0.03508,97.828158234,3.5,0,99.9767370920964
"LAZ",1,731,1,87.1303,0.03508,108.526016468,7,1,99.999999999872
"LAZ",2,0,1,49.1477,0.0379,36.10881519,-7,1,1.27981254388584e-10
"LAZ",2,0,1,49.1477,0.0379,42.628257595,-3.5,0,0.0232629079035525
"LAZ",2,0,1,49.1477,0.0379,49.1477,0,0,50
"LAZ",2,0,1,49.1477,0.0379,55.667142405,3.5,0,99.9767370920964
"LAZ",2,0,1,49.1477,0.0379,62.18658481,7,1,99.999999999872
"LAZ",2,1,1,49.3166,0.03783,36.257071154,-7,1,1.27981254388584e-10
"LAZ",2,1,1,49.3166,0.03783,42.786835577,-3.5,0,0.0232629079035525
"LAZ",2,1,1,49.3166,0.03783,49.3166,0,0,50
"LAZ",2,1,1,49.3166,0.03783,55.846364423,3.5,0,99.9767370920964
"LAZ",2,1,1,49.3166,0.03783,62.376128846,7,1,99.999999999872
"LAZ",2,100,1,60.4958,0.03509,45.636216646,-7,1,1.27981254388584e-10
"LAZ",2,100,1,60.4958,0.03509,53.066008323,-3.5,0,0.0232629079035525
"LAZ",2,100,1,60.4958,0.03509,60.4958,0,0,50
"LAZ",2,100,1,60.4958,0.03509,67.925591677,3.5,0,99.9767370920964
"LAZ",2,100,1,60.4958,0.03509,75.355383354,7,1,99.999999999872
"LAZ",2,273,1,70.1015,0.03444,53.20143038,-7,1,1.27981254388584e-10
"LAZ",2,273,1,70.1015,0.03444,61.65146519,-3.5,0,0.0232629079035525
"LAZ",2,273,1,70.1015,0.03444,70.1015,0,0,50
"LAZ",2,273,1,70.1015,0.03444,78.55153481,3.5,0,99.9767370920964
"LAZ",2,273,1,70.1015,0.03444,87.00156962,7,1,99.999999999872
"LAZ",2,730,1,86.4008,0.03733,63.823406952,-7,1,1.27981254388584e-10
"LAZ",2,730,1,86.4008,0.03733,75.112103476,-3.5,0,0.0232629079035525
"LAZ",2,730,1,86.4008,0.03733,86.4008,0,0,50
"LAZ",2,730,1,86.4008,0.03733,97.689496524,3.5,0,99.9767370920964
"LAZ",2,730,1,86.4008,0.03733,108.978193048,7,1,99.999999999872
"LAZ",2,731,1,85.7299,0.03764,63.141785948,-7,1,1.27981254388584e-10
"LAZ",2,731,1,85.7299,0.03764,74.435842974,-3.5,0,0.0232629079035525
"LAZ",2,731,1,85.7299,0.03764,85.7299,0,0,50
"LAZ",2,731,1,85.7299,0.03764,97.023957026,3.5,0,99.9767370920964
"LAZ",2,731,1,85.7299,0.03764,108.318014052,7,1,99.999999999872
"WLZ",1,45,-0.3521,2.441,0.09182,1.36752478981292,-6.06,1,6.80607742950418e-08
"WLZ",1,45,-0.3521,2.441,0.09182,1.80030334403661,-3.46,0,0.0270087693963475
"WLZ",1,45,-0.3521,2.441,0.09182,2.441,0,0,50
"WLZ",1,45,-0.3521,2.441,0.09182,3.43308625603547,3.55,0,99.9807384424364
"WLZ",1,45,-0.3521,2.441,0.09182,5.05879351191025,8.8,1,100
"WLZ",1,45.1,-0.3521,2.4577,0.09176,1.37735233256393,-6.06,1,6.80607742950418e-08
"WLZ",1,45.1,-0.3521,2.4577,0.09176,1.81296204447471,-3.46,0,0.0270087693963475
"WLZ",1,45.1,-0.3521,2.4577,0.09176,2.4577,0,0,50
"WLZ",1,45.1,-0.3521,2.4577,0.09176,3.45575520695079,3.55,0,99.9807384424364
"WLZ",1,45.1,-0.3521,2.4577,0.09176,5.09063908670969,8.79,1,100
"WLZ",1,50.05,-0.3521,3.338,0.08887,1.9019043765235,-6.08,1,6.00912738148843e-08
"WLZ",1,50.05,-0.3521,3.338,0.08887,2.48484387679808,-3.46,0,0.0270087693963475
"WLZ",1,50.05,-0.3521,3.338,0.08887,3.338,0,0,50
"WLZ",1,50.05,-0.3521,3.338,0.08887,4.64042095046475,3.55,0,99.9807384424364
"WLZ",1,50.05,-0.3521,3.338,0.08887,6.73640534530147,8.71,1,100
"WLZ",1,60,-0.3521,5.9907,0.08342,3.52246489631502,-6.13,1,4.3939536471467e-08
"WLZ",1,60,-0.3521,5.9907,0.08342,4.53711185468671,-3.46,0,0.0270087693963475
"WLZ",1,60,-0.3521,5.9907,0.08342,5.9907,0,0,50
"WLZ",1,60,-0.3521,5.9907,0.08342,8.15230653828896,3.55,0,99.9807384424364
"WLZ",1,60,-0.3521,5.9907,0.08342,11.5181983240316,8.57,1,100
"WLZ",1,100.03,-0.3521,15.17195,0.081992,8.99532014203056,-6.14,1,4.12607404239679e-08
"WLZ",1,100.03,-0.3521,15.17195,0.081992,11.5428526237812,-3.46,0,0.0270087693963475
"WLZ",1,100.03,-0.3521,15.17195,0.081992,15.17195,0,0,50
"WLZ",1,100.03,-0.3521,15.17195,0.081992,20.5318170681374,3.55,0,99.9807384424364
"WLZ",1,100.03,-0.3521,15.17195,0.081992,28.8068422480929,8.53,1,100
"WLZ",1,110,-0.3521,18.2689,0.08755,10.4884421527542,-6.09,1,5.64553438595807e-08
"WLZ",1,110,-0.3521,18.2689,0.08755,13.6563578382879,-3.46,0,0.0270087693963475
"WLZ",1,110,-0.3521,18.2689,0.08755,18.2689,0,0,50
"WLZ",1,110,-0.3521,18.2689,0.08755,25.2657556096548,3.55,0,99.9807384424364
"WLZ",1,110,-0.3521,18.2689,0.08755,36.435654075493,8.68,1,100
"WLZ",2,45,-0.3833,2.4607,0.09029,1.39723095612871,-6.06,1,6.80607742950418e-08
"WLZ",2,45,-0.3833,2.4607,0.09029,1.82604529874931,-3.46,0,0.0270087693963475
"WLZ",2,45,-0.3833,2.4607,0.09029,2.4607,0,0,50
"WLZ",2,45,-0.3833,2.4607,0.09029,3.44629990446007,3.55,0,99.9807384424364
"WLZ",2,45,-0.3833,2.4607,0.09029,5.07430723144267,8.84,1,100
"WLZ",2,45.1,-0.3833,2.4777,0.0903,1.40680459697182,-6.06,1,6.80607742950418e-08
"WLZ",2,45.1,-0.3833,2.4777,0.0903,1.83860332215239,-3.46,0,0.0270087693963475
"WLZ",2,45.1,-0.3833,2.4777,0.0903,2.4777,0,0,50
"WLZ",2,45.1,-0.3833,2.4777,0.0903,3.47024721988707,3.55,0,99.9807384424364
"WLZ",2,45.1,-0.3833,2.4777,0.0903,5.10983563805754,8.84,1,100
"WLZ",2,50.05,-0.3833,3.36205,0.090685,1.90479158021048,-6.06,1,6.80607742950418e-08
"WLZ",2,50.05,-0.3833,3.36205,0.090685,2.49184847137597,-3.46,0,0.0270087693963475
"WLZ",2,50.05,-0.3833,3.36205,0.090685,3.36205,0,0,50
"WLZ",2,50.05,-0.3833,3.36205,0.090685,4.71608838112586,3.55,0,99.9807384424364
"WLZ",2,50.05,-0.3833,3.36205,0.090685,6.95837940630085,8.85,1,100
"WLZ",2,60,-0.3833,5.8742,0.09136,3.31545217284185,-6.05,1,7.24229170513764e-08
"WLZ",2,60,-0.3833,5.8742,0.09136,4.34462027029382,-3.46,0,0.0270087693963475
"WLZ",2,60,-0.3833,5.8742,0.09136,5.8742,0,0,50
"WLZ",2,60,-0.3833,5.8742,0.09136,8.26219104821968,3.56,0,99.9814572603067
"WLZ",2,60,-0.3833,5.8742,0.09136,12.2339811449133,8.87,1,100
"WLZ",2,100.03,-0.3833,15.0351,0.090699,8.51756358926566,-6.06,1,6.80607742950418e-08
"WLZ",2,100.03,-0.3833,15.0351,0.090699,11.1430687594995,-3.46,0,0.0270087693963475
"WLZ",2,100.03,-0.3833,15.0351,0.090699,15.0351,0,0,50
"WLZ",2,100.03,-0.3833,15.0351,0.090699,21.0915412470197,3.55,0,99.9807384424364
"WLZ",2,100.03,-0.3833,15.0351,0.090699,31.1219288903196,8.85,1,100
"WLZ",2,110,-0.3833,18.3324,0.09401,10.1943987922772,-6.03,1,8.19798395645131e-08
"WLZ",2,110,-0.3833,18.3324,0.09401,13.447445823995,-3.46,0,0.0270087693963475
"WLZ",2,110,-0.3833,18.3324,0.09401,18.3324,0,0,50
"WLZ",2,110,-0.3833,18.3324,0.09401,26.0594889789871,3.56,0,99.9814572603067
"WLZ",2,110,-0.3833,18.3324,0.09401,39.1346275952975,8.95,1,100
"HCZ",1,0,1,34.4618,0.03686,25.569966364,-7,1,1.27981254388584e-10
"HCZ",1,0,1,34.4618,0.03686,30.015883182,-3.5,0,0.0232629079035525
"HCZ",1,0,1,34.4618,0.03686,34.4618,0,0,50
"HCZ",1,0,1,34.4618,0.03686,38.907716818,3.5,0,99.9767370920964
"HCZ",1,0,1,34.4618,0.03686,43.353633636,7,1,99.999999999872
"HCZ",1,1,1,34.562,0.03656,25.71689296,-7,1,1.27981254388584e-10
"HCZ",1,1,1,34.562,0.03656,30.13944648,-3.5,0,0.0232629079035525
"HCZ",1,1,1,34.562,0.03656,34.562,0,0,50
"HCZ",1,1,1,34.562,0.03656,38.98455352,3.5,0,99.9767370920964
"HCZ",1,1,1,34.562,0.03656,43.40710704,7,1,99.999999999872
"HCZ",1,100,1,40.8555,0.02901,32.558973615,-7,1,1.27981254388584e-10
"HCZ",1,100,1,40.8555,0.02901,36.7072368075,-3.5,0,0.0232629079035525
"HCZ",1,100,1,40.8555,0.02901,40.8555,0,0,50
"HCZ",1,100,1,40.8555,0.02901,45.0037631925,3.5,0,99.9767370920964
"HCZ",1,100,1,40.8555,0.02901,49.152026385,7,1,99.999999999872
"HCZ",1,273,1,44.9864,0.02792,36.194257984,-7,1,1.27981254388584e-10
"HCZ",1,273,1,44.9864,0.02792,40.590328992,-3.5,0,0.0232629079035525
"HCZ",1,273,1,44.9864,0.02792,44.9864,0,0,50
"HCZ",1,273,1,44.9864,0.02792,49.382471008,3.5,0,99.9767370920964
"HCZ",1,273,1,44.9864,0.02792,53.778542016,7,1,99.999999999872
"HCZ",1,730,1,48.2494,0.02821,38.721590982,-7,1,1.27981254388584e-10
"HCZ",1,730,1,48.2494,0.02821,43.485495491,-3.5,0,0.0232629079035525
"HCZ",1,730,1,48.2494,0.02821,48.2494,0,0,50
"HCZ",1,730,1,48.2494,0.02821,53.013304509,3.5,0,99.9767370920964
"HCZ",1,730,1,48.2494,0.02821,57.777209018,7,1,99.999999999872
"HCZ",1,731,1,48.2536,0.02821,38.724961608,-7,1,1.27981254388584e-10
"HCZ",1,731,1,48.2536,0.02821,43.489280804,-3.5,0,0.0232629079035525
"HCZ",1,731,1,48.2536,0.02821,48.2536,0,0,50
"HCZ",1,731,1,48.2536,0.02821,53.017919196,3.5,0,99.9767370920964
"HCZ",1,731,1,48.2536,0.02821,57.782238392,7,1,99.999999999872
"HCZ",2,0,1,33.8787,0.03496,25.587904536,-7,1,1.27981254388584e-10
"HCZ",2,0,1,33.8787,0.03496,29.733302268,-3.5,0,0.0232629079035525
"HCZ",2,0,1,33.8787,0.03496,33.8787,0,0,50
"HCZ",2,0,1,33.8787,0.03496,38.024097732,3.5,0,99.9767370920964
"HCZ",2,0,1,33.8787,0.03496,42.169495464,7,1,99.999999999872
"HCZ",2,1,1,33.975,0.03479,25.70106825,-7,1,1.27981254388584e-10
"HCZ",2,1,1,33.975,0.03479,29.838034125,-3.5,0,0.0232629079035525
"HCZ",2,1,1,33.975,0.03479,33.975,0,0,50
"HCZ",2,1,1,33.975,0.03479,38.111965875,3.5,0,99.9767370920964
"HCZ",2,1,1,33.975,0.03479,42.24893175,7,1,99.999999999872
"HCZ",2,100,1,39.8522,0.03134,31.109424364,-7,1,1.27981254388584e-10
"HCZ",2,100,1,39.8522,0.03134,35.480812182,-3.5,0,0.0232629079035525
"HCZ",2,100,1,39.8522,0.03134,39.8522,0,0,50
"HCZ",2,100,1,39.8522,0.03134,44.223587818,3.5,0,99.9767370920964
"HCZ",2,100,1,39.8522,0.03134,48.594975636,7,1,99.999999999872
"HCZ",2,273,1,43.8167,0.03053,34.452633043,-7,1,1.27981254388584e-10
"HCZ",2,273,1,43.8167,0.03053,39.1346665215,-3.5,0,0.0232629079035525
"HCZ",2,273,1,43.8167,0.03053,43.8167,0,0,50
"HCZ",2,273,1,43.8167,0.03053,48.4987334785,3.5,0,99.9767370920964
"HCZ",2,273,1,43.8167,0.03053,53.180766957,7,1,99.999999999872
"HCZ",2,730,1,47.1799,0.02958,37.410829906,-7,1,1.27981254388584e-10
"HCZ",2,730,1,47.1799,0.02958,42.295364953,-3.5,0,0.0232629079035525
"HCZ",2,730,1,47.1799,0.02958,47.1799,0,0,50
"HCZ",2,730,1,47.1799,0.02958,52.064435047,3.5,0,99.9767370920964
"HCZ",2,730,1,47.1799,0.02958,56.948970094,7,1,99.999999999872
"HCZ",2,731,1,47.1845,0.02957,37.417780345,-7,1,1.27981254388584e-10
"HCZ",2,731,1,47.1845,0.02957,42.3011401725,-3.5,0,0.0232629079035525
"HCZ",2,731,1,47.1845,0.02957,47.1845,0,0,50
"HCZ",2,731,1,47.1845,0.02957,52.0678598275,3.5,0,99.9767370920964
"HCZ",2,731,1,47.1845,0.02957,56.951219655,7,1,99.999999999872
"WAZ",1,100,0.1682,6.5699,0.11588,2.80363970047727,-6.01,1,9.27616634569113e-08
"WAZ",1,100,0.1682,6.5699,0.11588,2.80482945320775,-6,0,9.86587645037698e-08
"WAZ",1,100,0.1682,6.5699,0.11588,2.80720895866872,-6,0,9.86587645037698e-08
"WAZ",1,100,0.1682,6.5699,0.11588,2.80958846412969,-6,0,9.86587645037698e-08
"WAZ",1,100,0.1682,6.5699,0.11588,11.1338322424642,5,0,99.9999713348428
"WAZ",1,100,0.1682,6.5699,0.11588,11.1376864256988,5,0,99.9999713348428
"WAZ",1,100,0.1682,6.5699,0.11588,11.1415406089333,5,0,99.9999713348428
"WAZ",1,100,0.1682,6.5699,0.11588,11.1434677005506,5.01,1,99.9999727849823
"WAZ",2,100,0.0264,6.0229,0.12545,2.45360019589144,-6.01,1,9.27616634569113e-08
"WAZ",2,100,0.0264,6.0229,0.12545,2.45471298147837,-6,0,9.86587645037698e-08
"WAZ",2,100,0.0264,6.0229,0.12545,2.45693855265223,-6,0,9.86587645037698e-08
"WAZ",2,100,0.0264,6.0229,0.12545,2.45916412382609,-6,0,9.86587645037698e-08
"WAZ",2,100,0.0264,6.0229,0.12545,10.8041320263508,5,0,99.9999713348428
"WAZ",2,100,0.0264,6.0229,0.12545,10.8082308422255,5,0,99.9999713348428
"WAZ",2,100,0.0264,6.0229,0.12545,10.8123296581002,5,0,99.9999713348428
"WAZ",2,100,0.0264,6.0229,0.12545,10.8143790660375,5.01,1,99.9999727849823
"LAZ",1,100,1,62.1826,0.03306,49.835724923464,-6.01,1,9.27616634569113e-08
"LAZ",1,100,1,62.1826,0.03306,49.839836436976,-6,0,9.86587645037698e-08
"LAZ",1,100,1,62.1826,0.03306,49.848059464,-6,0,9.86587645037698e-08
"LAZ",1,100,1,62.1826,0.03306,49.856282491024,-6,0,9.86587645037698e-08
"LAZ",1,100,1,62.1826,0.03306,74.508917508976,6,0,99.9999999013412
"LAZ",1,100,1,62.1826,0.03306,74.517140536,6,0,99.9999999013412
"LAZ",1,100,1,62.1826,0.03306,74.525363563024,6,0,99.9999999013412
"LAZ",1,100,1,62.1826,0.03306,74.529475076536,6.01,1,99.9999999072383
"LAZ",2,100,1,60.4958,0.03509,47.746277482268,-6.01,1,9.27616634569113e-08
"LAZ",2,100,1,60.4958,0.03509,47.750523077512,-6,0,9.86587645037698e-08
"LAZ",2,100,1,60.4958,0.03509,47.759014268,-6,0,9.86587645037698e-08
"LAZ",2,100,1,60.4958,0.03509,47.767505458488,-6,0,9.86587645037698e-08
"LAZ",2,100,1,60.4958,0.03509,73.224094541512,6,0,99.9999999013412
"LAZ",2,100,1,60.4958,0.03509,73.232585732,6,0,99.9999999013412
"LAZ",2,100,1,60.4958,0.03509,73.241076922488,6,0,99.9999999013412
"LAZ",2,100,1,60.4958,0.03509,73.245322517732,6.01,1,99.9999999072383
"WLZ",1,50,-0.3521,3.3278,0.0889,2.13434586789451,-5.01,1,2.72150177285582e-05
"WLZ",1,50,-0.3521,3.3278,0.0889,2.1347891904313,-5,0,2.86651571879194e-05
"WLZ",1,50,-0.3521,3.3278,0.0889,2.13567583550486,-5,0,2.86651571879194e-05
"WLZ",1,50,-0.3521,3.3278,0.0889,2.13656248057843,-5,0,2.86651571879194e-05
"WLZ",1,50,-0.3521,3.3278,0.0889,5.21157428221874,5,0,99.9999713348428
"WLZ",1,50,-0.3521,3.3278,0.0889,5.21319386692974,5,0,99.9999713348428
"WLZ",1,50,-0.3521,3.3278,0.0889,5.21481345164074,5,0,99.9999713348428
"WLZ",1,50,-0.3521,3.3278,0.0889,5.21562324399624,5.01,1,99.9999727849823
"WLZ",2,50,-0.3833,3.3518,0.09068,2.13590684023912,-5.01,1,2.72150177285582e-05
"WLZ",2,50,-0.3833,3.3518,0.09068,2.13635716986388,-5,0,2.86651571879194e-05
"WLZ",2,50,-0.3833,3.3518,0.09068,2.1372578291134,-5,0,2.86651571879194e-05
"WLZ",2,50,-0.3833,3.3518,0.09068,2.13815848836292,-5,0,2.86651571879194e-05
"WLZ",2,50,-0.3833,3.3518,0.09068,5.31039732203495,5,0,99.9999713348428
"WLZ",2,50,-0.3833,3.3518,0.09068,5.31208683654974,5,0,99.9999713348428
"WLZ",2,50,-0.3833,3.3518,0.09068,5.31377635106453,5,0,99.9999713348428
"WLZ",2,50,-0.3833,3.3518,0.09068,5.31462110832193,5.01,1,99.9999727849823
"HCZ",1,100,1,40.8555,0.02901,34.92229841667,-5.01,1,2.72150177285582e-05
"HCZ",1,100,1,40.8555,0.02901,34.92466885278,-5,0,2.86651571879194e-05
"HCZ",1,100,1,40.8555,0.02901,34.929409725,-5,0,2.86651571879194e-05
"HCZ",1,100,1,40.8555,0.02901,34.93415059722,-5,0,2.86651571879194e-05
"HCZ",1,100,1,40.8555,0.02901,46.77684940278,5,0,99.9999713348428
"HCZ",1,100,1,40.8555,0.02901,46.781590275,5,0,99.9999713348428
"HCZ",1,100,1,40.8555,0.02901,46.78633114722,5,0,99.9999713348428
"HCZ",1,100,1,40.8555,0.02901,46.78870158333,5.01,1,99.9999727849823
"HCZ",2,100,1,39.8522,0.03134,33.599866452312,-5.01,1,2.72150177285582e-05
"HCZ",2,100,1,39.8522,0.03134,33.602364388208,-5,0,2.86651571879194e-05
"HCZ",2,100,1,39.8522,0.03134,33.60736026,-5,0,2.86651571879194e-05
"HCZ",2,100,1,39.8522,0.03134,33.612356131792,-5,0,2.86651571879194e-05
"HCZ",2,100,1,39.8522,0.03134,46.092043868208,5,0,99.9999713348428
"HCZ",2,100,1,39.8522,0.03134,46.09703974,5,0,99.9999713348428
"HCZ",2,100,1,39.8522,0.03134,46.102035611792,5,0,99.9999713348428
"HCZ",2,100,1,39.8522,0.03134,46.104533547688,5.01,1,99.9999727849823
